n,factorization,num_factors,n_mod6,wing,num_left_factors
561,3*11*17,3,3,div3,2
1105,5*13*17,3,1,right,2
1729,7*13*19,3,1,right,0
2465,5*17*29,3,5,left,3
2821,7*13*31,3,1,right,0
6601,7*23*41,3,1,right,2
8911,7*19*67,3,1,right,0
10585,5*29*73,3,1,right,2
15841,7*31*73,3,1,right,0
29341,13*37*61,3,1,right,0
41041,7*11*13*41,4,1,right,2
46657,13*37*97,3,1,right,0
52633,7*73*103,3,1,right,0
62745,3*5*47*89,4,3,div3,3
63973,7*13*19*37,4,1,right,0
75361,11*13*17*31,4,1,right,2
101101,7*11*13*101,4,1,right,2
115921,13*37*241,3,1,right,0
126217,7*13*19*73,4,1,right,0
162401,17*41*233,3,5,left,3
172081,7*13*31*61,4,1,right,0
188461,7*13*19*109,4,1,right,0
252601,41*61*101,3,1,right,2
278545,5*17*29*113,4,1,right,4
294409,37*73*109,3,1,right,0
314821,13*61*397,3,1,right,0
334153,19*43*409,3,1,right,0
340561,13*17*23*67,4,1,right,2
399001,31*61*211,3,1,right,0
410041,41*73*137,3,1,right,2
449065,5*19*29*163,4,1,right,2
488881,37*73*181,3,1,right,0
512461,31*61*271,3,1,right,0
530881,13*97*421,3,1,right,0
552721,13*17*41*61,4,1,right,2
656601,3*11*101*197,4,3,div3,3
658801,11*13*17*271,4,1,right,2
670033,7*13*37*199,4,1,right,0
748657,7*13*19*433,4,1,right,0
825265,5*7*17*19*73,5,1,right,2
838201,7*13*61*151,4,1,right,0
852841,11*31*41*61,4,1,right,2
997633,7*13*19*577,4,1,right,0
1024651,19*199*271,3,1,right,0
1033669,7*13*37*307,4,1,right,0
1050985,5*13*19*23*37,5,1,right,2
1082809,7*13*73*163,4,1,right,0
1152271,43*127*211,3,1,right,0
1193221,31*61*631,3,1,right,0
1461241,37*73*541,3,1,right,0
1569457,17*19*43*113,4,1,right,2
1615681,23*199*353,3,1,right,2
1773289,7*19*67*199,4,1,right,0
1857241,31*181*331,3,1,right,0
1909001,41*101*461,3,5,left,3
2100901,11*31*61*101,4,1,right,2
2113921,19*31*37*97,4,1,right,0
2433601,17*37*53*73,4,1,right,2
2455921,13*19*61*163,4,1,right,0
2508013,53*79*599,3,1,right,2
2531845,5*19*29*919,4,1,right,2
2628073,7*37*73*139,4,1,right,0
2704801,11*29*61*139,4,1,right,2
3057601,43*211*337,3,1,right,0
3146221,13*31*37*211,4,1,right,0
3224065,5*13*193*257,4,1,right,2
3581761,29*113*1093,3,1,right,2
3664585,5*29*127*199,4,1,right,2
3828001,101*151*251,3,1,right,2
4335241,53*157*521,3,1,right,2
4463641,7*13*181*271,4,1,right,0
4767841,13*19*97*199,4,1,right,0
4903921,11*31*73*197,4,1,right,2
4909177,7*13*73*739,4,1,right,0
5031181,19*23*29*397,4,1,right,2
5049001,31*271*601,3,1,right,0
5148001,41*241*521,3,1,right,2
5310721,13*37*61*181,4,1,right,0
5444489,29*197*953,3,5,left,3
5481451,31*151*1171,3,1,right,0
5632705,5*13*193*449,4,1,right,2
5968873,43*127*1093,3,1,right,0
6049681,11*31*113*157,4,1,right,2
6054985,5*53*73*313,4,1,right,2
6189121,61*241*421,3,1,right,0
6313681,11*17*19*1777,4,1,right,2
6733693,109*163*379,3,1,right,0
6840001,7*17*229*251,4,1,right,2
6868261,43*211*757,3,1,right,0
7207201,17*353*1201,3,1,right,2
7519441,41*241*761,3,1,right,2
7995169,7*13*103*853,4,1,right,0
8134561,37*109*2017,3,1,right,0
8341201,11*31*61*401,4,1,right,2
8355841,13*41*61*257,4,1,right,2
8719309,19*37*79*157,4,1,right,0
8719921,7*23*41*1321,4,1,right,2
8830801,7*19*67*991,4,1,right,0
8927101,31*37*43*181,4,1,right,0
9439201,61*271*571,3,1,right,0
9494101,23*61*67*101,4,1,right,2
9582145,5*23*97*859,4,1,right,2
9585541,7*31*163*271,4,1,right,0
9613297,19*29*73*239,4,1,right,2
9890881,7*11*13*41*241,5,1,right,2
10024561,71*271*521,3,1,right,2
10267951,67*331*463,3,1,right,0
10402561,13*29*41*673,4,1,right,2
10606681,31*43*73*109,4,1,right,0
10837321,11*31*61*521,4,1,right,2
10877581,11*13*29*43*61,5,1,right,2
11119105,5*17*257*509,4,1,right,4
11205601,11*17*31*1933,4,1,right,2
11921001,3*29*263*521,4,3,div3,3
11972017,43*433*643,3,1,right,0
12261061,19*61*71*149,4,1,right,2
12262321,17*41*73*241,4,1,right,2
12490201,19*37*109*163,4,1,right,0
12945745,5*19*29*37*127,5,1,right,2
13187665,5*17*113*1373,4,1,right,4
13696033,13*17*29*2137,4,1,right,2
13992265,5*7*19*53*397,5,1,right,2
14469841,73*379*523,3,1,right,0
14676481,71*421*491,3,1,right,2
14913991,43*127*2731,3,1,right,0
15247621,61*181*1381,3,1,right,0
15403285,5*37*139*599,4,1,right,2
15829633,43*547*673,3,1,right,0
15888313,7*19*67*1783,4,1,right,0
16046641,13*37*73*457,4,1,right,0
16778881,7*17*19*41*181,5,1,right,2
17098369,113*337*449,3,1,right,2
17236801,151*211*541,3,1,right,0
17316001,53*157*2081,3,1,right,2
17586361,13*61*67*331,4,1,right,0
17812081,7*41*53*1171,4,1,right,2
18162001,11*13*17*31*241,5,1,right,2
18307381,29*61*79*131,4,1,right,2
18900973,7*13*229*907,4,1,right,0
19384289,89*353*617,3,5,left,3
19683001,13*37*151*271,4,1,right,0
20964961,17*19*47*1381,4,1,right,2
21584305,5*17*197*1289,4,1,right,4
22665505,5*17*97*2749,4,1,right,2
23382529,97*193*1249,3,1,right,0
25603201,13*29*113*601,4,1,right,2
26280073,73*157*2293,3,1,right,0
26474581,7*19*67*2971,4,1,right,0
26719701,3*29*197*1559,4,3,div3,3
26921089,13*37*97*577,4,1,right,0
26932081,11*47*113*461,4,1,right,4
27062101,11*31*61*1301,4,1,right,2
27336673,7*13*23*37*353,5,1,right,2
27402481,31*43*61*337,4,1,right,0
28787185,5*7*19*73*593,5,1,right,2
29020321,11*37*113*631,4,1,right,2
29111881,211*281*491,3,1,right,2
31146661,7*13*31*61*181,5,1,right,0
31405501,71*631*701,3,1,right,2
31692805,5*47*157*859,4,1,right,2
32914441,7*19*61*4057,4,1,right,0
33302401,11*31*61*1601,4,1,right,2
33596641,13*17*281*541,4,1,right,2
34196401,17*47*127*337,4,1,right,2
34657141,191*421*431,3,1,right,2
34901461,7*19*397*661,4,1,right,0
35571601,13*31*61*1447,4,1,right,0
35703361,61*277*2113,3,1,right,0
36121345,5*13*17*97*337,5,1,right,2
36765901,37*613*1621,3,1,right,0
37167361,7*11*41*61*193,5,1,right,2
37280881,11*17*73*2731,4,1,right,2
37354465,5*29*73*3529,4,1,right,2
37964809,109*379*919,3,1,right,0
38151361,41*53*97*181,4,1,right,2
38624041,37*61*109*157,4,1,right,0
38637361,7*37*241*619,4,1,right,0
39353665,5*13*193*3137,4,1,right,2
40160737,19*23*29*3169,4,1,right,2
40280065,5*7*67*89*193,5,1,right,2
40430401,11*101*151*241,4,1,right,2
40622401,17*43*61*911,4,1,right,2
40917241,19*31*127*547,4,1,right,0
41298985,5*7*13*139*653,5,1,right,2
41341321,7*19*31*37*271,5,1,right,0
41471521,7*13*31*61*241,5,1,right,0
42490801,31*41*101*331,4,1,right,2
43286881,11*31*61*2081,4,1,right,2
43331401,43*631*1597,3,1,right,0
43584481,17*31*191*433,4,1,right,2
43620409,7*19*157*2089,4,1,right,0
44238481,7*61*313*331,4,1,right,0
45318561,3*29*173*3011,4,3,div3,3
45877861,31*43*127*271,4,1,right,0
45890209,29*53*73*409,4,1,right,2
46483633,7*19*373*937,4,1,right,0
47006785,5*7*17*199*397,5,1,right,2
48321001,37*41*53*601,4,1,right,2
48628801,13*31*67*1801,4,1,right,0
49333201,17*61*113*421,4,1,right,2
50201089,97*673*769,3,1,right,0
53245921,17*41*79*967,4,1,right,2
53711113,157*313*1093,3,1,right,0
54767881,7*37*103*2053,4,1,right,0
55462177,17*23*83*1709,4,1,right,4
56052361,211*421*631,3,1,right,0
58489201,19*29*101*1051,4,1,right,2
60112885,5*7*443*3877,4,1,right,2
60957361,61*181*5521,3,1,right,0
62756641,109*241*2389,3,1,right,0
64377991,163*487*811,3,1,right,0
64774081,29*71*163*193,4,1,right,2
65037817,13*19*73*3607,4,1,right,0
65241793,29*43*113*463,4,1,right,2
67371265,5*13*37*109*257,5,1,right,2
67653433,19*29*199*617,4,1,right,2
67902031,43*271*5827,3,1,right,0
67994641,11*13*37*71*181,5,1,right,2
68154001,151*601*751,3,1,right,0
69331969,7*19*37*73*193,5,1,right,0
70561921,31*53*67*641,4,1,right,2
72108421,7*11*191*4903,4,1,right,2
72286501,7*67*79*1951,4,1,right,0
74165065,5*13*59*83*233,5,1,right,4
75151441,17*19*29*71*113,5,1,right,4
75681541,13*19*61*5023,4,1,right,0
75765313,13*29*73*2753,4,1,right,2
76595761,11*17*31*73*181,5,1,right,2
77826001,11*43*137*1201,4,1,right,2
78091201,31*37*103*661,4,1,right,0
78120001,19*73*151*373,4,1,right,0
79411201,193*257*1601,3,1,right,2
79624621,139*691*829,3,1,right,0
80282161,43*61*127*241,4,1,right,0
80927821,13*19*103*3181,4,1,right,0
81638401,13*97*101*641,4,1,right,2
81926461,19*67*139*463,4,1,right,0
82929001,281*421*701,3,1,right,2
83099521,19*37*43*2749,4,1,right,0
83966401,41*43*97*491,4,1,right,2
84311569,19*73*89*683,4,1,right,2
84350561,107*743*1061,3,5,left,3
84417985,5*29*577*1009,4,1,right,2
87318001,17*71*73*991,4,1,right,2
88689601,7*11*13*41*2161,5,1,right,2
90698401,103*647*1361,3,1,right,2
92625121,181*631*811,3,1,right,0
93030145,5*13*257*5569,4,1,right,2
93614521,7*11*13*41*2281,5,1,right,2
93869665,5*17*29*113*337,5,1,right,4
94536001,7*19*607*1171,4,1,right,0
96895441,109*433*2053,3,1,right,0
99036001,61*541*3001,3,1,right,0
99830641,53*79*113*211,4,1,right,2
99861985,5*97*109*1889,4,1,right,2
100427041,11*13*17*109*379,5,1,right,2
101649241,61*661*2521,3,1,right,0
101957401,7*13*19*109*541,5,1,right,0
102090781,13*19*31*67*199,5,1,right,0
104404861,11*37*71*3613,4,1,right,2
104569501,47*1151*1933,3,1,right,2
104852881,7*31*271*1783,4,1,right,0
105117481,7*19*37*41*521,5,1,right,2
105309289,37*73*127*307,4,1,right,0
105869401,11*29*79*4201,4,1,right,2
106041937,17*23*79*3433,4,1,right,2
107714881,37*71*131*313,4,1,right,2
109393201,37*73*101*401,4,1,right,2
109577161,19*73*199*397,4,1,right,0
111291181,23*43*131*859,4,1,right,2
114910489,127*659*1373,3,1,right,2
115039081,157*313*2341,3,1,right,0
115542505,5*13*43*67*617,5,1,right,2
116682721,281*617*673,3,1,right,2
118901521,271*541*811,3,1,right,0
119327041,61*73*127*211,4,1,right,0
120981601,13*37*97*2593,4,1,right,0
121247281,17*89*127*631,4,1,right,2
122785741,13*61*67*2311,4,1,right,0
124630273,109*229*4993,3,1,right,0
127664461,71*421*4271,3,1,right,2
128697361,13*17*661*881,4,1,right,2
129255841,11*13*19*113*421,5,1,right,2
129762001,19*31*151*1459,4,1,right,0
130032865,5*19*97*103*137,5,1,right,2
130497361,29*61*71*1039,4,1,right,2
132511681,19*43*241*673,4,1,right,0
133205761,13*17*41*61*241,5,1,right,2
133344793,19*73*127*757,4,1,right,0
133800661,109*541*2269,3,1,right,0
134809921,19*97*193*379,4,1,right,0
134857801,13*19*29*67*281,5,1,right,2
135556345,5*37*89*8233,4,1,right,2
136625941,19*37*109*1783,4,1,right,0
139592101,11*31*151*2711,4,1,right,2
139952671,131*571*1871,3,1,right,2
140241361,13*29*41*43*211,5,1,right,2
144218341,19*37*271*757,4,1,right,0
145124785,5*13*43*137*379,5,1,right,2
146843929,163*379*2377,3,1,right,0
150846961,31*61*241*331,4,1,right,0
151530401,11*17*71*101*113,5,5,left,5
151813201,41*61*101*601,4,1,right,2
153589801,151*701*1451,3,1,right,2
153927961,11*47*173*1721,4,1,right,4
157731841,29*113*127*379,4,1,right,2
158404141,7*31*37*109*181,5,1,right,0
158864833,19*43*337*577,4,1,right,0
159492061,19*127*157*421,4,1,right,0
161035057,29*113*157*313,4,1,right,2
161242705,5*13*17*337*433,5,1,right,2
161913961,11*31*37*41*313,5,1,right,2
163954561,67*331*7393,3,1,right,0
167979421,31*61*211*421,4,1,right,0
168659569,13*67*83*2333,4,1,right,2
169057801,11*19*41*109*181,5,1,right,2
169570801,17*19*29*43*421,5,1,right,2
170947105,5*7*647*7549,4,1,right,2
171454321,163*811*1297,3,1,right,0
171679561,53*79*131*313,4,1,right,2
172290241,37*41*137*829,4,1,right,2
172430401,11*13*31*97*401,5,1,right,2
172947529,307*613*919,3,1,right,0
173085121,11*31*53*61*157,5,1,right,2
174352641,3*71*641*1277,4,3,div3,3
175997185,5*7*13*503*769,5,1,right,2
176659201,37*41*101*1153,4,1,right,2
178451857,19*109*199*433,4,1,right,0
178482151,151*331*3571,3,1,right,0
178837201,59*1451*2089,3,1,right,2
180115489,163*487*2269,3,1,right,0
181154701,7*13*37*173*311,5,1,right,2
182356993,7*13*73*97*283,5,1,right,0
184353001,7*31*653*1301,4,1,right,2
186393481,131*521*2731,3,1,right,2
186782401,13*37*577*673,4,1,right,0
187188001,7*11*13*41*4561,5,1,right,2
188516329,89*617*3433,3,1,right,2
188689501,7*11*13*251*751,5,1,right,2
189941761,257*641*1153,3,1,right,2
193708801,11*13*31*37*1181,5,1,right,2
193910977,13*139*239*449,4,1,right,2
194120389,37*109*127*379,4,1,right,0
194675041,11*17*373*2791,4,1,right,2
196358977,19*67*73*2113,4,1,right,0
200753281,71*631*4481,3,1,right,2
206955841,17*71*277*619,4,1,right,2
208969201,7*19*661*2377,4,1,right,0
212027401,53*83*157*307,4,1,right,2
213835861,19*31*43*8443,4,1,right,0
214850881,7*109*193*1459,4,1,right,0
214852609,229*457*2053,3,1,right,0
216821881,331*661*991,3,1,right,0
221884001,131*521*3251,3,5,left,3
225745345,5*7*23*193*1453,5,1,right,2
226509361,13*89*137*1429,4,1,right,2
227752993,13*97*109*1657,4,1,right,0
228842209,337*673*1009,3,1,right,0
230630401,53*97*113*397,4,1,right,2
230996949,3*53*317*4583,4,3,div3,3
231194965,5*23*229*8779,4,1,right,2
237597361,31*47*313*521,4,1,right,2
238244041,7*73*191*2441,4,1,right,2
238527745,5*113*157*2689,4,1,right,2
241242001,7*11*13*401*601,5,1,right,2
242641153,17*19*37*79*257,5,1,right,2
246446929,19*109*127*937,4,1,right,0
247095361,19*37*271*1297,4,1,right,0
250200721,19*31*421*1009,4,1,right,0
252141121,43*61*97*991,4,1,right,0
255160621,37*61*131*863,4,1,right,2
256828321,29*113*181*433,4,1,right,2
257495641,13*31*367*1741,4,1,right,0
258634741,131*491*4021,3,1,right,2
266003101,7*13*37*199*397,5,1,right,0
270857521,11*19*41*73*433,5,1,right,2
271481329,7*19*277*7369,4,1,right,0
271794601,13*19*743*1481,4,1,right,2
273769921,17*181*193*461,4,1,right,2
274569601,17*61*149*1777,4,1,right,2
275283401,71*701*5531,3,5,left,3
277241401,31*61*271*541,4,1,right,0
278152381,13*19*727*1549,4,1,right,0
279377281,131*911*2341,3,1,right,2
280067761,29*41*109*2161,4,1,right,2
280761481,7*11*13*41*6841,5,1,right,2
288120421,307*613*1531,3,1,right,0
289766701,7*19*181*12037,4,1,right,0
289860481,29*113*197*449,4,1,right,4
291848401,13*17*541*2441,4,1,right,2
292244833,19*37*199*2089,4,1,right,0
292776121,11*31*41*43*487,5,1,right,2
295643089,7*157*367*733,4,1,right,0
295826581,37*163*181*271,4,1,right,0
296559361,7*31*73*97*193,5,1,right,0
299736181,181*541*3061,3,1,right,0
300614161,31*43*61*3697,4,1,right,0
301704985,5*43*47*73*409,5,1,right,2
302751505,5*7*103*137*613,5,1,right,2
306871201,7*13*31*181*601,5,1,right,0
311388337,13*17*37*113*337,5,1,right,2
318266641,7*11*41*73*1381,5,1,right,2
321197185,5*19*23*29*37*137,6,1,right,4
321602401,31*41*401*631,4,1,right,2
325546585,5*7*13*359*1993,5,1,right,2
328573477,199*397*4159,3,1,right,0
329769721,61*421*12841,3,1,right,0
333065305,5*37*83*109*199,5,1,right,2
333229141,7*37*739*1741,4,1,right,0
334783585,5*37*47*139*277,5,1,right,2
338740417,19*59*449*673,4,1,right,2
346808881,19*23*37*89*241,5,1,right,2
348612265,5*23*859*3529,4,1,right,2
354938221,11*19*29*157*373,5,1,right,2
357277921,7*11*13*241*1481,5,1,right,2
357380101,13*19*631*2293,4,1,right,0
358940737,17*23*37*43*577,5,1,right,2
360067201,13*31*61*97*151,5,1,right,0
362569201,113*337*9521,3,1,right,2
364590721,11*17*31*109*577,5,1,right,2
366532321,241*337*4513,3,1,right,0
366652201,461*691*1151,3,1,right,2
367804801,7*13*31*241*541,5,1,right,0
367939585,5*13*17*433*769,5,1,right,2
368113411,43*631*13567,3,1,right,0
382304161,239*409*3911,3,1,right,2
382536001,31*71*151*1151,4,1,right,2
390489121,11*19*61*109*281,5,1,right,2
392099401,29*139*211*461,4,1,right,2
393122521,11*19*29*37*1753,5,1,right,2
393513121,41*113*157*541,4,1,right,2
393716701,7*53*131*8101,4,1,right,2
395044651,199*859*2311,3,1,right,0
395136505,5*37*1289*1657,4,1,right,2
396262945,5*13*17*97*3697,5,1,right,2
399906001,11*241*251*601,4,1,right,2
403043257,19*37*43*67*199,5,1,right,0
403317421,13*61*67*7591,4,1,right,0
405739681,229*457*3877,3,1,right,0
413058601,31*73*349*523,4,1,right,0
413138881,617*661*1013,3,1,right,2
413631505,5*7*17*73*89*107,6,1,right,4
416964241,127*991*3313,3,1,right,0
417241045,5*13*19*23*37*397,6,1,right,2
419520241,7*31*41*61*773,5,1,right,2
426821473,13*127*419*617,4,1,right,2
429553345,5*13*97*193*353,5,1,right,2
434330401,43*97*101*1031,4,1,right,2
434932961,41*881*12041,3,5,left,3
438359041,29*71*211*1009,4,1,right,2
440306461,7*307*331*619,4,1,right,0
440707345,5*13*29*113*2069,5,1,right,4
455106601,19*41*53*73*151,5,1,right,2
458368201,31*151*181*541,4,1,right,0
461502097,7*67*229*4297,4,1,right,0
461854261,11*19*29*181*421,5,1,right,2
462199681,19*193*241*523,4,1,right,0
471441001,41*61*251*751,4,1,right,2
471905281,31*991*15361,3,1,right,0
473847121,11*31*1021*1361,4,1,right,2
477726145,5*13*113*193*337,5,1,right,2
481239361,181*271*9811,3,1,right,0
483006889,157*313*9829,3,1,right,0
484662529,13*29*433*2969,4,1,right,2
490099681,17*29*43*61*379,5,1,right,2
490503601,7*17*19*401*541,5,1,right,2
492559141,367*733*1831,3,1,right,0
496050841,11*13*19*41*61*73,6,1,right,2
499310197,23*29*67*11173,4,1,right,2
503758801,7*13*61*151*601,5,1,right,0
507726901,11*181*271*941,4,1,right,2
509033161,7*13*19*37*73*109,6,1,right,0
510825601,11*13*41*151*577,5,1,right,2
511338241,19*43*613*1021,4,1,right,0
516684961,13*17*89*109*241,5,1,right,2
517937581,7*37*1291*1549,4,1,right,0
518117041,13*17*41*211*271,5,1,right,2
518706721,13*43*433*2143,4,1,right,0
527761081,19*31*37*61*397,5,1,right,0
529782121,11*29*1129*1471,4,1,right,2
530443201,31*71*401*601,4,1,right,2
532758241,97*673*8161,3,1,right,0
533860309,19*37*109*6967,4,1,right,0
540066241,11*13*19*197*1009,5,1,right,2
542497201,263*787*2621,3,1,right,2
544101481,7*11*59*229*523,5,1,right,2
545363281,17*23*43*163*199,5,1,right,2
545570641,7*11*41*61*2833,5,1,right,2
547652161,7*17*709*6491,4,1,right,2
548871961,11*41*61*71*281,5,1,right,4
549117205,5*7*13*103*11717,5,1,right,2
549333121,17*61*197*2689,4,1,right,2
549538081,29*61*241*1289,4,1,right,2
551672221,229*571*4219,3,1,right,0
552894301,43*61*101*2087,4,1,right,2
555465601,401*641*2161,3,1,right,2
556199281,11*37*43*61*521,5,1,right,2
556450777,19*109*139*1933,4,1,right,0
557160241,11*31*421*3881,4,1,right,2
557795161,7*11*53*103*1327,5,1,right,2
558570961,13*61*73*9649,4,1,right,0
558977761,89*881*7129,3,1,right,2
561481921,7*11*13*41*13681,5,1,right,2
561777121,17*41*61*73*181,5,1,right,2
564651361,43*3361*3907,3,1,right,0
568227241,31*37*41*43*281,5,1,right,2
569332177,239*1429*1667,3,1,right,2
573896881,19*109*181*1531,4,1,right,0
577240273,19*29*73*113*127,5,1,right,2
579606301,109*541*9829,3,1,right,0
580565233,53*79*313*443,4,1,right,2
590754385,5*13*109*199*419,5,1,right,2
593234929,7*19*23*89*2179,5,1,right,2
595405201,61*101*241*401,4,1,right,2
597717121,71*911*9241,3,1,right,2
600892993,19*59*577*929,4,1,right,2
602074585,5*7*137*307*409,5,1,right,2
602426161,17*41*421*2053,4,1,right,2
602593441,17*41*61*14173,4,1,right,2
606057985,5*13*109*113*757,5,1,right,2
609865201,11*31*41*181*241,5,1,right,2
611397865,5*13*19*29*43*397,6,1,right,2
612347905,5*13*17*29*97*197,6,1,right,4
612816751,251*751*3251,3,1,right,2
616463809,13*17*97*149*193,5,1,right,2
618068881,17*53*73*9397,4,1,right,2
620169409,193*577*5569,3,1,right,0
621101185,5*89*97*14389,4,1,right,2
625060801,193*1249*2593,3,1,right,0
625482001,241*1201*2161,3,1,right,0
629692801,17*31*41*151*193,5,1,right,2
631071001,11*29*37*127*421,5,1,right,2
633639097,7*13*37*307*613,5,1,right,0
638959321,7*11*13*31*59*349,6,1,right,2
642708001,13*17*881*3301,4,1,right,2
652969351,271*811*2971,3,1,right,0
656187001,41*101*211*751,4,1,right,2
662086041,3*89*617*4019,4,3,div3,3
672389641,7*11*37*53*61*73,6,1,right,2
683032801,11*101*241*2551,4,1,right,2
683379841,23*31*41*97*241,5,1,right,2
684106401,3*11*17*401*3041,5,3,div3,4
686059921,149*1481*3109,3,1,right,2
689880801,3*41*71*197*401,5,3,div3,4
697906561,11*97*131*4993,4,1,right,2
698548201,13*29*41*43*1051,5,1,right,2
702683101,421*701*2381,3,1,right,2
703995733,7*19*67*199*397,5,1,right,0
704934361,41*61*521*541,4,1,right,2
705101761,7*13*19*193*2113,5,1,right,0
707926801,17*29*337*4261,4,1,right,2
710382401,137*953*5441,3,5,left,3
710541481,13*61*331*2707,4,1,right,0
711374401,17*241*401*433,4,1,right,2
713588401,37*151*337*379,4,1,right,0
717164449,23*43*67*79*137,5,1,right,2
721244161,11*19*41*73*1153,5,1,right,2
722923201,7*11*13*401*1801,5,1,right,2
727083001,43*127*211*631,4,1,right,0
739444021,277*1381*1933,3,1,right,0
743404663,103*1123*6427,3,1,right,0
744866305,5*17*29*449*673,5,1,right,4
745864945,5*7*89*149*1607,5,1,right,4
746706961,7*11*13*277*2693,5,1,right,2
752102401,41*97*281*673,4,1,right,2
759472561,29*41*181*3529,4,1,right,2
765245881,19*29*31*71*631,5,1,right,2
771043201,401*1201*1601,3,1,right,2
775368901,373*1117*1861,3,1,right,0
775866001,41*233*241*337,4,1,right,2
776176261,7*61*853*2131,4,1,right,0
781347841,29*61*79*5591,4,1,right,2
784966297,137*409*14009,3,1,right,2
790020001,29*229*337*353,4,1,right,2
790623289,37*233*293*313,4,1,right,2
794937601,97*769*10657,3,1,right,0
798770161,7*73*1021*1531,4,1,right,0
804978721,157*313*16381,3,1,right,0
809702401,17*241*257*769,4,1,right,2
809883361,7*97*139*8581,4,1,right,0
814056001,11*31*251*9511,4,1,right,2
822531841,257*641*4993,3,1,right,2
824389441,61*3361*4021,3,1,right,0
824405041,19*31*109*12841,4,1,right,0
829678141,31*61*541*811,4,1,right,0
832060801,11*13*17*31*61*181,6,1,right,2
833608321,7*13*31*461*641,5,1,right,2
834244501,47*139*277*461,4,1,right,2
834720601,11*13*29*31*43*151,6,1,right,2
836515681,23*71*97*5281,4,1,right,2
839275921,11*29*37*211*337,5,1,right,2
841340521,7*37*571*5689,4,1,right,0
842202361,7*11*13*41*20521,5,1,right,2
843704401,31*67*401*1013,4,1,right,2
847491361,17*31*41*61*643,5,1,right,2
849064321,7*157*193*4003,4,1,right,0
851703301,179*1069*4451,3,1,right,2
851934601,7*61*73*151*181,5,1,right,0
852729121,31*37*163*4561,4,1,right,0
854197345,5*19*23*313*1249,5,1,right,2
855734401,193*401*11057,3,1,right,2
860056705,5*53*313*10369,4,1,right,2
863984881,307*613*4591,3,1,right,0
867800701,31*37*61*79*157,5,1,right,0
868234081,11*13*17*31*41*281,6,1,right,4
876850801,211*421*9871,3,1,right,0
882796321,11*43*71*97*271,5,1,right,2
885336481,37*73*433*757,4,1,right,0
888700681,11*71*229*4969,4,1,right,2
891706861,199*397*11287,3,1,right,0
897880321,13*19*1231*2953,4,1,right,0
902645857,47*3727*5153,3,1,right,2
914801665,5*29*97*193*337,5,1,right,2
918661501,151*751*8101,3,1,right,0
928482241,29*113*421*673,4,1,right,2
930745621,13*43*181*9199,4,1,right,0
931694401,11*17*73*131*521,5,1,right,4
934784929,13*23*73*113*379,5,1,right,2
935794081,73*937*13681,3,1,right,0
939947009,263*1049*3407,3,5,left,3
940123801,109*1801*4789,3,1,right,0
941056273,157*937*6397,3,1,right,0
945959365,5*13*19*43*47*379,6,1,right,2
947993761,11*13*37*139*1289,5,1,right,2
954732853,103*109*277*307,4,1,right,0
955134181,311*1303*2357,3,1,right,2
957044881,13*23*1193*2683,4,1,right,2
958735681,97*139*211*337,4,1,right,0
958762729,47*3359*6073,3,1,right,2
958970545,5*13*113*137*953,5,1,right,4
962442001,73*601*21937,3,1,right,0
962500561,11*239*269*1361,4,1,right,4
963163201,7*11*13*601*1601,5,1,right,2
963168193,13*97*757*1009,4,1,right,0
968553181,31*37*61*109*127,5,1,right,0
968915521,7*61*163*13921,4,1,right,0
975303121,13*31*41*67*881,5,1,right,2
977737321,11*19*37*59*2143,5,1,right,2
977892241,17*31*53*157*223,5,1,right,2
981567505,5*17*47*277*887,5,1,right,4
981789337,19*73*397*1783,4,1,right,0
985052881,83*2953*4019,3,1,right,2
986088961,11*13*17*19*37*577,6,1,right,2
990893569,17*257*337*673,4,1,right,2
993420289,37*127*163*1297,4,1,right,0
993905641,41*71*421*811,4,1,right,2
1001152801,11*41*61*151*241,5,1,right,2
1018928485,5*19*29*163*2269,5,1,right,2
1027334881,53*79*131*1873,4,1,right,2
1030401901,19*31*59*149*199,5,1,right,2
1031750401,11*31*61*193*257,5,1,right,2
1035608041,13*31*61*103*409,5,1,right,0
1038165961,7*41*53*131*521,5,1,right,4
1055384929,37*97*157*1873,4,1,right,0
1070659201,17*47*53*131*193,5,1,right,4
1072570801,43*71*113*3109,4,1,right,2
1074363265,5*19*37*53*73*79,6,1,right,2
1079556193,19*67*73*11617,4,1,right,0
1090842145,5*17*673*19069,4,1,right,2
1093916341,7*103*991*1531,4,1,right,0
1100674561,7*31*41*193*641,5,1,right,2
1103145121,13*37*73*89*353,5,1,right,2
1125038377,109*1657*6229,3,1,right,0
1131222841,7*41*67*89*661,5,1,right,2
1132988545,5*13*17*577*1777,5,1,right,2
1134044821,7*13*31*181*2221,5,1,right,0
1136739745,5*109*433*4817,4,1,right,2
1138049137,19*43*433*3217,4,1,right,0
1140441121,37*53*71*8191,4,1,right,2
1150270849,7*13*19*577*1153,5,1,right,0
1152793621,7*31*271*19603,4,1,right,0
1162202581,23*43*109*10781,4,1,right,2
1163659861,7*13*23*307*1811,5,1,right,2
1177195201,7*13*97*193*691,5,1,right,0
1177800481,11*13*19*41*97*109,6,1,right,2
1180398961,7*17*79*241*521,5,1,right,2
1183104001,17*53*101*13001,4,1,right,4
1189238401,13*43*73*151*193,5,1,right,0
1190790721,17*29*37*97*673,5,1,right,2
1193229577,379*757*4159,3,1,right,0
1194866101,11*13*47*139*1279,5,1,right,2
1198650961,181*541*12241,3,1,right,0
1200456577,97*2113*5857,3,1,right,0
1200778753,293*877*4673,3,1,right,2
1206057601,7*23*73*89*1153,5,1,right,2
1207252621,613*919*2143,3,1,right,0
1210178305,5*7*19*73*97*257,6,1,right,2
1213619761,433*1297*2161,3,1,right,0
1214703721,7*11*31*73*6971,5,1,right,2
1216631521,7*37*79*97*613,5,1,right,0
1223475841,7*61*97*109*271,5,1,right,0
1227220801,101*157*193*401,4,1,right,2
1227280681,11*271*541*761,4,1,right,2
1232469001,37*73*181*2521,4,1,right,0
1251295501,31*61*619*1069,4,1,right,0
1251992281,23*89*463*1321,4,1,right,2
1254318481,13*109*241*3673,4,1,right,0
1256855041,13*29*31*41*43*61,6,1,right,2
1257102001,337*1009*3697,3,1,right,0
1260332137,163*487*15877,3,1,right,0
1264145401,107*743*15901,3,1,right,2
1268604001,7*41*73*151*401,5,1,right,2
1269295201,349*1741*2089,3,1,right,0
1271325841,17*31*179*13477,4,1,right,2
1295577361,13*17*89*199*331,5,1,right,2
1299963601,601*1201*1801,3,1,right,0
1309440001,41*89*241*1489,4,1,right,2
1312114945,5*409*449*1429,4,1,right,2
1312332001,241*1361*4001,3,1,right,2
1316958721,13*43*89*103*257,5,1,right,2
1317828601,41*181*311*571,4,1,right,2
1318126321,281*1009*4649,3,1,right,2
1321983937,17*29*73*109*337,5,1,right,2
1330655041,23*41*67*21061,4,1,right,2
1332521065,5*283*659*1429,4,1,right,2
1337805505,5*109*1217*2017,4,1,right,2
1348964401,401*1201*2801,3,1,right,2
1349671681,37*109*379*883,4,1,right,0
1362132541,7*11*37*179*2671,5,1,right,2
1376844481,19*37*61*97*331,5,1,right,0
1378483393,7*67*97*157*193,5,1,right,0
1382114881,7*31*61*193*541,5,1,right,0
1384157161,31*37*61*73*271,5,1,right,0
1394746081,71*157*211*593,4,1,right,2
1394942473,73*127*379*397,4,1,right,0
1404111241,13*29*31*317*379,5,1,right,2
1404228421,19*31*211*11299,4,1,right,0
1407548341,487*1621*1783,3,1,right,0
1410833281,11*13*17*31*97*193,6,1,right,2
1419339691,7*11*19*103*9419,5,1,right,2
1420379065,5*7*53*619*1237,5,1,right,2
1422477001,11*41*1051*3001,4,1,right,2
1423668961,11*13*17*271*2161,5,1,right,2
1428966001,151*751*12601,3,1,right,0
1439328001,17*41*61*97*349,5,1,right,2
1439492041,13*19*109*127*421,5,1,right,0
1441316269,19*29*43*127*479,5,1,right,2
1442761201,7*241*601*1423,4,1,right,0
1445084173,13*37*379*7927,4,1,right,0
1452767521,17*61*241*5813,4,1,right,2
1481619601,7*11*19*37*101*271,6,1,right,2
1483199641,7*11*19*41*79*313,6,1,right,2
1490078305,5*17*53*353*937,5,1,right,4
1490522545,5*19*43*113*3229,5,1,right,2
1504651681,13*31*61*97*631,5,1,right,0
1505432881,31*43*883*1279,4,1,right,0
1507746241,89*617*27457,3,1,right,2
1515785041,331*991*4621,3,1,right,0
1520467201,11*71*1201*1621,4,1,right,2
1521835381,11*19*61*79*1511,5,1,right,2
1528936501,131*1301*8971,3,1,right,2
1529544961,7*17*37*311*1117,5,1,right,2
1534274841,3*11*29*479*3347,5,3,div3,4
1540454761,541*811*3511,3,1,right,0
1545387481,11*61*131*17581,4,1,right,2
1571503801,7*31*41*173*1021,5,1,right,2
1573132561,7*11*13*241*6521,5,1,right,2
1574601601,61*1301*19841,3,1,right,2
1576826161,53*239*281*443,4,1,right,4
1583582113,17*19*43*113*1009,5,1,right,2
1588247851,211*1831*4111,3,1,right,0
1592668441,7*13*37*199*2377,5,1,right,0
1597009393,7*17*23*73*7993,5,1,right,2
1597821121,13*181*673*1009,4,1,right,0
1615335085,5*7*13*37*229*419,6,1,right,2
1618206745,5*23*43*229*1429,5,1,right,2
1626167341,31*61*379*2269,4,1,right,0
1632785701,547*1093*2731,3,1,right,0
1641323905,5*13*17*97*15313,5,1,right,2
1646426881,11*71*97*103*211,5,1,right,2
1648076041,277*829*7177,3,1,right,0
1657700353,19*43*193*10513,4,1,right,0
1659935761,11*113*967*1381,4,1,right,2
1672719217,13*29*1553*2857,4,1,right,2
1674309385,5*7*37*73*89*199,6,1,right,2
1676203201,31*61*211*4201,4,1,right,0
1676641681,11*13*19*43*113*127,6,1,right,2
1678569121,31*37*383*3821,4,1,right,2
1685266561,11*457*523*641,4,1,right,2
1688214529,17*43*1153*2003,4,1,right,2
1688639041,19*37*241*9967,4,1,right,0
1689411601,17*37*41*109*601,5,1,right,2
1690230241,7*173*811*1721,4,1,right,2
1696572001,17*97*251*4099,4,1,right,2
1698623641,11*13*29*31*73*181,6,1,right,2
1699279441,191*571*15581,3,1,right,2
1701016801,11*211*241*3041,4,1,right,2
1705470481,11*13*17*41*71*241,6,1,right,4
1708549501,211*1741*4651,3,1,right,0
1726372441,307*1531*3673,3,1,right,0
1746692641,113*827*18691,3,1,right,2
1750412161,241*2161*3361,3,1,right,0
1752710401,13*43*631*4969,4,1,right,0
1760460481,13*37*73*181*277,5,1,right,0
1769031901,7*13*37*103*5101,5,1,right,0
1772267281,71*211*281*421,4,1,right,2
1773486001,7*23*61*89*2029,5,1,right,2
1776450565,5*317*523*2143,4,1,right,2
1778382541,13*37*67*139*397,5,1,right,0
1784291041,13*97*421*3361,4,1,right,0
1784975941,7*37*541*12739,4,1,right,0
1785507361,11*43*71*79*673,5,1,right,2
1795216501,13*19*127*151*379,5,1,right,0
1801558201,61*157*313*601,4,1,right,0
1803278401,31*43*61*67*331,5,1,right,0
1817067169,109*1297*12853,3,1,right,0
1825568641,13*31*37*191*641,5,1,right,2
1828377001,11*41*1801*2251,4,1,right,2
1831048561,23*41*67*73*397,5,1,right,2
1833328621,103*3877*4591,3,1,right,0
1836304561,7*13*31*37*73*241,6,1,right,0
1841034961,61*73*109*3793,4,1,right,0
1845871105,5*13*43*67*9857,5,1,right,2
1846817281,31*71*353*2377,4,1,right,2
1848112761,3*11*41*131*10427,5,3,div3,4
1848681121,7*353*599*1249,4,1,right,2
1849811041,13*23*37*271*617,5,1,right,2
1854001513,7*13*19*37*73*397,6,1,right,0
1855100017,19*73*379*3529,4,1,right,0
1858395529,19*73*199*6733,4,1,right,0
1879480513,19*193*547*937,4,1,right,0
1887933601,41*97*113*4201,4,1,right,2
1894344001,11*31*1021*5441,4,1,right,2
1896961801,7*41*607*10889,4,1,right,2
1899525601,211*2521*3571,3,1,right,0
1913016001,13*17*29*421*709,5,1,right,2
1916729101,7*19*31*397*1171,5,1,right,0
1918052065,5*37*1657*6257,4,1,right,2
1919767681,13*37*241*16561,4,1,right,0
1932608161,11*17*19*37*61*241,6,1,right,2
1942608529,29*197*337*1009,4,1,right,2
1943951041,181*2953*3637,3,1,right,0
1949646601,7*19*67*331*661,5,1,right,0
1950276565,5*19*59*349*997,5,1,right,2
1954174465,5*353*433*2557,4,1,right,2
1955324449,13*29*67*199*389,5,1,right,2
1958102641,11*37*41*271*433,5,1,right,2
1962804565,5*103*149*25579,4,1,right,2
1976295241,19*109*691*1381,4,1,right,0
1984089601,13*17*181*193*257,5,1,right,2
1988071801,61*137*233*1021,4,1,right,2
1992841201,13*17*19*37*101*127,6,1,right,2
1999004365,5*29*37*239*1559,5,1,right,4
2000436751,487*1531*2683,3,1,right,0
2023528501,139*151*229*421,4,1,right,0
2029554241,11*13*29*61*71*113,6,1,right,4
2048443501,13*61*151*17107,4,1,right,0
2048751901,7*31*37*109*2341,5,1,right,0
2049293401,211*1051*9241,3,1,right,0
2064236401,31*37*61*163*181,5,1,right,0
2064373921,19*409*421*631,4,1,right,0
2067887557,367*733*7687,3,1,right,0
2073560401,11*37*73*101*691,5,1,right,2
2080544005,5*23*199*229*397,5,1,right,2
2097317377,353*1153*5153,3,1,right,2
2101170097,13*17*37*293*877,5,1,right,2
2105594401,41*61*701*1201,4,1,right,2
2107535221,11*43*103*181*239,5,1,right,2
2111416021,11*13*19*29*127*211,6,1,right,2
2111488561,7*13*41*433*1307,5,1,right,2
2117725921,17*19*1979*3313,4,1,right,2
2126689501,53*131*157*1951,4,1,right,2
2140538401,23*29*53*151*401,5,1,right,4
2140699681,127*631*26713,3,1,right,0
2159003281,17*29*1481*2957,4,1,right,4
2170282969,373*1117*5209,3,1,right,0
2176838049,3*17*29*317*4643,5,3,div3,4
2178944461,31*43*61*127*211,5,1,right,0
2199700321,7*13*61*223*1777,5,1,right,0
2199931651,379*631*9199,3,1,right,0
2201169601,31*113*401*1567,4,1,right,2
2212935985,5*13*17*19*109*967,6,1,right,2
2215407601,11*43*113*181*229,5,1,right,2
2216430721,37*193*211*1471,4,1,right,0
2217951073,13*19*2593*3463,4,1,right,0
2223876601,23*37*1451*1801,4,1,right,2
2224519921,13*17*113*281*317,5,1,right,4
2230305949,499*997*4483,3,1,right,0
2232385345,5*17*29*449*2017,5,1,right,4
2239622113,53*79*157*3407,4,1,right,2
2244932281,73*109*307*919,4,1,right,0
2246916001,11*211*701*1381,4,1,right,2
2258118721,17*193*521*1321,4,1,right,2
2265650401,7*17*79*401*601,5,1,right,2
2272748401,7*11*181*313*521,5,1,right,2
2278677961,7*19*103*181*919,5,1,right,0
2295209281,313*1093*6709,3,1,right,0
2301745249,727*1453*2179,3,1,right,0
2302419601,19*157*691*1117,4,1,right,0
2309027281,11*31*71*283*337,5,1,right,2
2313774001,7*11*17*19*31*3001,6,1,right,2
2320224481,17*31*41*73*1471,5,1,right,2
2320690177,13*43*97*127*337,5,1,right,0
2322648901,19*79*661*2341,4,1,right,0
2323147201,277*1381*6073,3,1,right,0
2332627249,47*139*277*1289,4,1,right,2
2335640077,29*197*463*883,4,1,right,2
2339165521,7*11*233*241*541,5,1,right,2
2342644921,23*31*41*127*631,5,1,right,2
2353639681,17*29*1381*3457,4,1,right,2
2359686241,11*17*31*61*6673,5,1,right,2
2361232477,307*613*12547,3,1,right,0
2367379201,11*31*1361*5101,4,1,right,2
2377166401,61*101*241*1601,4,1,right,2
2391137281,13*421*433*1009,4,1,right,0
2396357041,13*67*281*9791,4,1,right,2
2407376665,5*19*67*613*617,5,1,right,2
2414829781,7*13*181*271*541,5,1,right,0
2430556381,11*29*37*43*4789,5,1,right,2
2436691321,227*1583*6781,3,1,right,2
2438403661,739*821*4019,3,1,right,2
2443829641,11*41*61*211*421,5,1,right,2
2444950561,349*929*7541,3,1,right,2
2456536681,271*1171*7741,3,1,right,0
2457411265,5*19*127*353*577,5,1,right,2
2467813621,7*13*31*61*14341,5,1,right,0
2470348441,11*19*29*41*9941,5,1,right,4
2470894273,19*67*89*113*193,5,1,right,2
2479305985,5*13*193*257*769,5,1,right,2
2480343553,193*577*22273,3,1,right,0
2489462641,41*1721*35281,3,1,right,2
2494465921,47*191*241*1153,4,1,right,2
2494621585,5*37*47*379*757,5,1,right,2
2497638781,11*71*1171*2731,4,1,right,2
2509860961,41*73*137*6121,4,1,right,2
2510085721,11*13*2131*8237,4,1,right,2
2519819281,7*67*829*6481,4,1,right,0
2523947041,7*11*17*61*73*433,6,1,right,2
2527812001,11*13*61*197*1471,5,1,right,2
2529410281,223*2221*5107,3,1,right,0
2539024741,11*43*47*181*631,5,1,right,2
2544590161,113*127*281*631,4,1,right,2
2547621973,13*19*2143*4813,4,1,right,0
2560104001,7*13*17*41*181*223,6,1,right,2
2560600351,239*1667*6427,3,1,right,2
2561945401,421*701*8681,3,1,right,2
2564889601,29*281*449*701,4,1,right,4
2573686441,37*61*103*11071,4,1,right,0
2574243721,7*47*139*181*311,5,1,right,2
2575260241,31*61*71*19181,4,1,right,2
2586927553,7*17*23*67*14107,5,1,right,2
2588653081,7*19*541*35977,4,1,right,0
2597928961,41*257*373*661,4,1,right,2
2598933481,443*1327*4421,3,1,right,2
2601144001,31*71*101*11701,4,1,right,2
2602378721,149*593*29453,3,5,left,3
2605557781,31*43*127*15391,4,1,right,0
2607162961,13*31*2011*3217,4,1,right,0
2607237361,19*31*43*113*911,5,1,right,2
2616662881,7*19*73*181*1489,5,1,right,0
2617181281,11*13*103*137*1297,5,1,right,2
2630374741,211*421*29611,3,1,right,0
2642025673,7*53*67*157*677,5,1,right,2
2657502001,7*11*31*73*101*151,6,1,right,2
2665141921,13*181*337*3361,4,1,right,0
2677147201,157*1093*15601,3,1,right,0
2685422593,7*37*97*139*769,5,1,right,0
2690867401,191*1901*7411,3,1,right,2
2693939401,31*37*61*139*277,5,1,right,0
2702470861,37*61*283*4231,4,1,right,0
2709611521,17*59*61*67*661,5,1,right,2
2723859001,73*101*571*647,4,1,right,2
2733494401,11*101*1051*2341,4,1,right,2
2735309521,7*19*31*307*2161,5,1,right,0
2766172501,31*181*421*1171,4,1,right,0
2766901501,7*13*61*151*3301,5,1,right,0
2770560241,31*191*293*1597,4,1,right,2
2776874941,31*43*271*7687,4,1,right,0
2787998641,337*953*8681,3,1,right,2
2797002901,7*11*19*37*163*317,6,1,right,2
2801124001,13*19*47*101*2389,5,1,right,2
2806205689,7*23*37*67*79*89,6,1,right,2
2811315361,29*43*71*113*281,5,1,right,4
2815304401,7*13*31*41*101*241,6,1,right,2
2832480001,13*421*673*769,4,1,right,0
2833846561,7*13*19*61*97*277,6,1,right,0
2842912381,31*61*421*3571,4,1,right,0
2858298301,31*131*541*1301,4,1,right,2
2867755969,13*433*673*757,4,1,right,0
2942952481,7*31*433*31321,4,1,right,0
2943556201,37*163*271*1801,4,1,right,0
2965085641,7*19*23*89*10891,5,1,right,2
2998467901,11*13*31*37*101*181,6,1,right,2
3001561441,293*877*11681,3,1,right,2
3007991701,11*13*37*701*811,5,1,right,2
3022354401,3*11*17*41*101*1301,6,3,div3,5
3024774901,19*37*271*15877,4,1,right,0
3025708561,19*211*757*997,4,1,right,0
3030758401,11*241*401*2851,4,1,right,2
3034203361,7*83*821*6361,4,1,right,2
3035837161,7*31*37*181*2089,5,1,right,0
3044238121,19*199*271*2971,4,1,right,0
3044970001,19*41*61*139*461,5,1,right,2
3068534701,421*631*11551,3,1,right,0
3069196417,7*89*683*7213,4,1,right,2
3072080089,13*43*109*127*397,5,1,right,0
3072094201,11*37*491*15373,4,1,right,2
3077802001,19*79*1051*1951,4,1,right,0
3078386641,11*41*43*181*877,5,1,right,2
3086434561,7*23*97*257*769,5,1,right,2
3088134721,7*23*67*353*811,5,1,right,2
3090578401,29*41*97*127*211,5,1,right,2
3102234751,7*11*151*251*1063,5,1,right,2
3104207821,11*13*19*29*39397,5,1,right,2
3105567361,13*17*37*113*3361,5,1,right,2
3112974481,71*281*337*463,4,1,right,2
3119101921,13*19*23*31*89*199,6,1,right,2
3138302401,13*41*97*101*601,5,1,right,2
3159422785,5*37*1289*13249,4,1,right,2
3159939601,7*13*37*613*1531,5,1,right,0
3164207761,11*13*43*109*4721,5,1,right,2
3180288385,5*43*79*113*1657,5,1,right,2
3180632833,7*17*47*277*2053,5,1,right,2
3188744065,5*13*19*67*89*433,6,1,right,2
3190894201,11*31*61*131*1171,5,1,right,2
3193414093,23*37*109*173*199,5,1,right,2
3203895601,31*37*433*6451,4,1,right,0
3215031751,151*751*28351,3,1,right,0
3222053185,5*13*113*449*977,5,1,right,4
3232450585,5*7*13*73*307*317,6,1,right,2
3240392401,29*37*41*73*1009,5,1,right,2
3245477761,19*31*43*127*1009,5,1,right,0
3246238801,13*29*113*181*421,5,1,right,2
3248891101,43*197*421*911,4,1,right,2
3249390145,5*113*1697*3389,4,1,right,4
3263564305,5*53*67*397*463,5,1,right,2
3264820001,251*3251*4001,3,5,left,3
3270933121,337*449*21617,3,1,right,2
3277595665,5*17*19*43*109*433,6,1,right,2
3281736601,11*13*19*31*47*829,6,1,right,2
3284630713,7*13*23*59*67*397,6,1,right,2
3307322305,5*7*19*73*193*353,6,1,right,2
3313196881,619*1237*4327,3,1,right,0
3313744561,43*181*541*787,4,1,right,0
3314111761,31*61*811*2161,4,1,right,0
3319323601,11*61*601*8231,4,1,right,2
3328437481,31*103*457*2281,4,1,right,0
3345878017,19*163*937*1153,4,1,right,0
3347570941,11*13*43*499*1091,5,1,right,2
3348463105,5*13*29*43*109*379,6,1,right,2
3353809537,13*37*2593*2689,4,1,right,0
3378014641,37*41*71*79*397,5,1,right,2
3380740301,191*1901*9311,3,5,left,3
3411338491,11*71*127*163*211,5,1,right,2
3413656441,13*61*73*109*541,5,1,right,0
3429457921,337*673*15121,3,1,right,0
3438721441,19*181*991*1009,4,1,right,0
3441837421,11*29*37*163*1789,5,1,right,2
3480174001,227*2713*5651,3,1,right,2
3504570301,397*1783*4951,3,1,right,0
3508507801,31*41*101*151*181,5,1,right,2
3521441665,5*7*19*1993*2657,5,1,right,2
3534510001,11*17*41*43*71*151,6,1,right,4
3555636481,31*41*541*5171,4,1,right,2
3574014445,5*37*43*83*5413,5,1,right,2
3575798785,5*13*17*73*97*457,6,1,right,2
3576804001,29*89*101*13721,4,1,right,4
3600918181,7*31*37*541*829,5,1,right,0
3618244081,19*31*67*277*331,5,1,right,0
3630291841,11*61*71*181*421,5,1,right,2
3637405045,5*43*157*197*547,5,1,right,2
3682471321,331*661*16831,3,1,right,0
3697952401,11*13*41*151*4177,5,1,right,2
3711456001,11*61*97*127*449,5,1,right,2
3712280041,37*277*281*1289,4,1,right,2
3713287801,571*2281*2851,3,1,right,0
3715938721,11*31*79*271*509,5,1,right,2
3722793481,11*19*29*41*71*211,6,1,right,4
3727589761,7*31*3457*4969,4,1,right,0
3754483201,7*17*19*41*101*401,6,1,right,4
3767865601,17*41*233*23201,4,1,right,4
3776698801,17*293*421*1801,4,1,right,2
3787491457,449*2689*3137,3,1,right,2
3799111681,313*521*23297,3,1,right,2
3800513761,11*17*571*35593,4,1,right,2
3801823441,13*17*41*241*1741,5,1,right,2
3805181281,11*17*19*61*97*181,6,1,right,2
3832646221,37*163*181*3511,4,1,right,0
3834444901,7*31*53*101*3301,5,1,right,2
3835537861,727*1453*3631,3,1,right,0
3858853681,17*23*31*241*1321,5,1,right,2
3863326897,199*937*20719,3,1,right,0
3880251649,17*19*29*379*1093,5,1,right,2
3891338101,7*131*151*157*179,5,1,right,2
3892568065,5*29*113*353*673,5,1,right,4
3901730401,17*31*37*401*499,5,1,right,2
3907357441,13*41*769*9533,4,1,right,2
3922752121,31*41*421*7331,4,1,right,2
3928256641,23*281*397*1531,4,1,right,2
3951813601,37*151*673*1051,4,1,right,0
3981047941,13*19*61*163*1621,5,1,right,0
3998554561,31*41*199*15809,4,1,right,2
4015029061,19*109*181*10711,4,1,right,0
4030864201,7*13*41*61*89*199,6,1,right,2
4034969401,661*1321*4621,3,1,right,0
4059151489,17*29*37*193*1153,5,1,right,2
4065133501,11*13*37*251*3061,5,1,right,2
4077957961,7*11*31*47*163*223,6,1,right,2
4115677501,13*331*661*1447,4,1,right,0
4127050621,293*877*16061,3,1,right,2
4134273793,13*67*727*6529,4,1,right,0
4138747921,7*11*73*541*1361,5,1,right,2
4146685921,7*41*53*131*2081,5,1,right,4
4160472121,13*61*109*127*379,5,1,right,0
4162880401,61*211*281*1151,4,1,right,2
4167038161,11*13*37*61*12911,5,1,right,2
4169092201,53*79*911*1093,4,1,right,2
4169867689,13*29*383*28879,4,1,right,2
4189909501,31*61*211*10501,4,1,right,0
4199202001,29*41*109*32401,4,1,right,2
4199529601,17*101*181*13513,4,1,right,2
4199932801,29*499*503*577,4,1,right,2
4202009461,13*61*991*5347,4,1,right,0
4210922233,7*37*1033*15739,4,1,right,0
4212413569,7*13*1747*26497,4,1,right,0
4215885697,577*1153*6337,3,1,right,0
4216799521,11*31*61*73*2777,5,1,right,2
4277982241,13*29*71*181*883,5,1,right,2
4295605861,19*31*59*71*1741,5,1,right,2
4298051521,61*181*193*2017,4,1,right,0
4312677601,353*617*19801,3,1,right,2
4314912001,17*29*101*193*449,5,1,right,4
4332717649,13*19*37*127*3733,5,1,right,0
4340265931,19*43*107*131*379,5,1,right,2
4340577781,37*67*421*4159,4,1,right,0
4351059901,31*101*613*2267,4,1,right,2
4354716961,7*37*73*139*1657,5,1,right,0
4375257601,11*13*83*449*821,5,1,right,4
4382684065,5*17*67*439*1753,5,1,right,2
4394741401,19*61*73*127*409,5,1,right,0
4409089201,11*37*41*163*1621,5,1,right,2
4411923265,5*29*73*97*4297,5,1,right,2
4421207701,71*211*421*701,4,1,right,2
4430880181,7*13*181*367*733,5,1,right,0
4434751441,277*1381*11593,3,1,right,0
4451834413,13*37*367*25219,4,1,right,0
4461725581,79*2237*25247,3,1,right,2
4464573049,443*2029*4967,3,1,right,2
4470451441,31*41*43*157*521,5,1,right,2
4477793761,7*17*37*683*1489,5,1,right,2
4485538201,47*139*151*4547,4,1,right,2
4488579361,7*19*137*181*1361,5,1,right,2
4511568601,19*31*61*199*631,5,1,right,0
4521794641,7*13*23*61*107*331,6,1,right,2
4523928001,97*1201*38833,3,1,right,0
4531599073,29*463*547*617,4,1,right,2
4541678401,13*17*1181*17401,4,1,right,2
4556475001,13*37*421*22501,4,1,right,0
4558134673,17*37*53*73*1873,5,1,right,2
4562359201,673*2017*3361,3,1,right,0
4579461601,11*13*29*43*61*421,6,1,right,2
4595126401,17*61*73*101*601,5,1,right,2
4627410481,127*199*277*661,4,1,right,0
4633043185,5*73*89*127*1123,5,1,right,2
4645929421,7*31*199*271*397,5,1,right,0
4648742641,37*181*373*1861,4,1,right,0
4652507881,7*61*2131*5113,4,1,right,0
4659532801,7*11*193*241*1301,5,1,right,2
4675440001,29*139*251*4621,4,1,right,2
4684846321,19*71*73*113*421,5,1,right,2
4686314401,17*433*461*1381,4,1,right,2
4701113761,31*43*421*8377,4,1,right,0
4703523553,433*937*11593,3,1,right,0
4746768481,7*13*41*191*6661,5,1,right,2
4752717761,11*17*107*173*1373,5,5,left,5
4765950001,179*3739*7121,3,1,right,2
4776665257,7*13*37*199*7129,5,1,right,0
4828075561,43*127*331*2671,4,1,right,0
4849541761,31*191*673*1217,4,1,right,2
4851619201,11*13*19*61*73*401,6,1,right,2
4852062061,7*11*31*47*61*709,6,1,right,2
4852794241,433*1297*8641,3,1,right,0
4862975041,89*281*337*577,4,1,right,2
4885398001,11*17*43*241*2521,5,1,right,2
4897161361,547*1093*8191,3,1,right,0
4898428705,5*17*37*97*16057,5,1,right,2
4911716881,71*197*433*811,4,1,right,2
4919641441,11*13*17*31*97*673,6,1,right,2
4922043841,11*13*19*389*4657,5,1,right,2
4922275501,11*13*37*61*101*151,6,1,right,2
4949879221,7*19*61*79*7723,5,1,right,0
4953963781,13*37*61*109*1549,5,1,right,0
4958432641,19*37*43*61*2689,5,1,right,0
4964831521,13*17*67*331*1013,5,1,right,2
5004866881,7*157*1171*3889,4,1,right,0
5006730001,7*13*61*751*1201,5,1,right,0
5024705401,19*31*67*157*811,5,1,right,0
5057840833,17*97*353*8689,4,1,right,2
5061753061,29*211*599*1381,4,1,right,2
5064928705,5*19*37*73*19739,5,1,right,2
5070542401,97*103*151*3361,4,1,right,0
5082192721,17*89*397*8461,4,1,right,2
5088633265,5*73*677*20593,4,1,right,2
5106068065,5*7*17*433*19819,5,1,right,2
5116240801,7*41*67*109*2441,5,1,right,2
5118204001,211*241*251*401,4,1,right,2
5120093089,23*199*353*3169,4,1,right,2
5135254201,7*11*101*163*4051,5,1,right,2
5149529281,13*73*421*12889,4,1,right,0
5157654481,7*19*23*31*137*397,6,1,right,2
5165559169,43*113*617*1723,4,1,right,2
5165622721,7*31*3673*6481,4,1,right,0
5166262465,5*7*13*67*137*1237,6,1,right,2
5178620161,11*13*29*43*113*257,6,1,right,4
5202540001,31*61*97*113*251,5,1,right,2
5204110465,5*17*29*673*3137,5,1,right,4
5242302241,11*61*97*239*337,5,1,right,2
5244163561,7*13*73*487*1621,5,1,right,0
5255104513,827*2243*2833,3,1,right,2
5257802341,11*19*29*61*14221,5,1,right,2
5260973761,31*43*1777*2221,4,1,right,0
5278692481,761*2281*3041,3,1,right,2
5292011089,29*157*337*3449,4,1,right,2
5296804801,17*31*41*43*5701,5,1,right,2
5305316401,7*11*19*41*241*367,6,1,right,2
5324678401,7*233*257*12703,4,1,right,2
5345340001,23*29*2003*4001,4,1,right,4
5354092801,31*73*97*24391,4,1,right,0
5356860481,7*31*37*109*6121,5,1,right,0
5368969165,5*7*53*79*36637,5,1,right,2
5375393101,13*397*991*1051,4,1,right,0
5383886761,11*37*71*211*883,5,1,right,2
5385832561,181*3061*9721,3,1,right,0
5394826801,7*13*17*23*31*67*73,7,1,right,2
5431965841,19*43*109*181*337,5,1,right,0
5442435649,7*73*2287*4657,4,1,right,0
5444826481,241*433*52177,3,1,right,0
5447713921,13*23*67*193*1409,5,1,right,2
5459242465,5*47*79*157*1873,5,1,right,2
5487578041,11*29*2767*6217,4,1,right,2
5497171681,97*113*241*2081,4,1,right,2
5507520481,17*19*31*61*71*127,6,1,right,2
5511402001,7*53*131*151*751,5,1,right,2
5561047801,23*29*73*181*631,5,1,right,2
5569591105,5*13*23*97*193*199,6,1,right,2
5599487881,13*29*2633*5641,4,1,right,2
5615659951,11*31*151*191*571,5,1,right,2
5646993409,113*257*337*577,4,1,right,2
5673520945,5*53*73*313*937,5,1,right,2
5675884201,13*43*71*83*1723,5,1,right,2
5681956501,13*23*151*317*397,5,1,right,2
5685601141,11*181*797*3583,4,1,right,2
5748693121,577*1153*8641,3,1,right,0
5755495201,101*1301*43801,3,1,right,2
5768821345,5*7*79*97*137*157,6,1,right,2
5781188161,7*23*1889*19009,4,1,right,2
5781222721,1033*1549*3613,3,1,right,0
5782114801,29*37*127*151*281,5,1,right,2
5803377841,19*41*79*181*521,5,1,right,2
5810534353,13*37*73*127*1303,5,1,right,0
5814422461,37*43*61*181*331,5,1,right,0
5816382001,521*1301*8581,3,1,right,2
5828853661,47*139*277*3221,4,1,right,2
5855149801,19*263*1049*1117,4,1,right,2
5860426881,3*17*41*419*6689,5,3,div3,4
5865103621,13*31*2011*7237,4,1,right,0
5871134179,487*1459*8263,3,1,right,0
5883081751,131*1171*38351,3,1,right,2
5911804081,61*181*277*1933,4,1,right,0
5913061441,7*53*79*229*881,5,1,right,2
5947687201,17*43*211*38561,4,1,right,2
5955901057,17*113*1153*2689,4,1,right,2
5958008785,5*17*127*547*1009,5,1,right,2
5959748521,661*2131*4231,3,1,right,0
5961977281,13*71*127*181*281,5,1,right,2
5967642241,11*241*281*8011,4,1,right,2
5985964801,19*151*271*7699,4,1,right,0
5990940901,11*19*29*43*127*181,6,1,right,2
6004532941,11*31*3571*4931,4,1,right,2
6010672801,7*31*4561*6073,4,1,right,0
6013876141,7*13*37*103*17341,5,1,right,0
6025532241,3*17*41*521*5531,5,3,div3,4
6030849889,29*43*113*127*337,5,1,right,2
6047866621,271*4591*4861,3,1,right,0
6053762881,19*37*109*199*397,5,1,right,0
6074311321,13*67*89*127*617,5,1,right,2
6096280321,19*37*53*131*1249,5,1,right,2
6097778961,3*131*281*55217,4,3,div3,3
6108975601,61*211*521*911,4,1,right,2
6129804241,11*43*71*349*523,5,1,right,2
6132351841,7*11*229*457*761,5,1,right,2
6132428401,11*31*71*241*1051,5,1,right,2
6138603289,7*13*37*439*4153,5,1,right,0
6144346369,7*19*97*173*2753,5,1,right,2
6150705793,23*67*617*6469,4,1,right,2
6155121421,19*37*71*127*971,5,1,right,2
6167728801,13*37*97*163*811,5,1,right,0
6178156501,11*31*461*39301,4,1,right,2
6183443281,47*113*241*4831,4,1,right,2
6184062001,13*17*31*401*2251,5,1,right,2
6194020141,571*661*16411,3,1,right,0
6196188961,139*4969*8971,3,1,right,0
6200691841,193*577*55681,3,1,right,0
6218177329,7*13*17*19*89*2377,6,1,right,2
6231771001,31*43*127*131*281,5,1,right,2
6236982181,131*199*419*571,4,1,right,2
6245949601,89*97*137*5281,4,1,right,2
6247519201,7*11*2053*39521,4,1,right,2
6295079737,23*73*89*103*409,5,1,right,2
6295936465,5*7*13*37*47*73*109,7,1,right,2
6301286641,13*31*61*137*1871,5,1,right,2
6310724545,5*47*2683*10009,4,1,right,2
6328979713,7*23*193*353*577,5,1,right,2
6352823521,11*31*37*233*2161,5,1,right,2
6387685201,73*151*157*3691,4,1,right,0
6415737301,421*631*24151,3,1,right,0
6427315441,73*127*761*911,4,1,right,2
6436473121,13*29*37*67*71*97,6,1,right,2
6453043345,5*7*17*89*233*523,6,1,right,4
6470869441,29*197*337*3361,4,1,right,2
6475906801,7*13*109*229*2851,5,1,right,0
6482062621,199*991*32869,3,1,right,0
6512378041,13*19*31*349*2437,5,1,right,0
6550305841,19*37*73*109*1171,5,1,right,0
6555812761,29*31*71*271*379,5,1,right,2
6557296321,17*19*47*61*73*97,6,1,right,2
6558130801,19*53*61*241*443,5,1,right,2
6630702121,541*1621*7561,3,1,right,0
6641148691,367*1831*9883,3,1,right,0
6668461801,31*43*397*12601,4,1,right,0
6689374081,13*17*641*47221,4,1,right,2
6693621481,607*1213*9091,3,1,right,0
6697074385,5*73*113*397*409,5,1,right,2
6697894321,73*181*541*937,4,1,right,0
6709788961,337*421*47293,3,1,right,0
6729970105,5*67*79*109*2333,5,1,right,2
6735266161,13*337*877*1753,4,1,right,0
6736511713,337*1597*12517,3,1,right,0
6743048641,7*41*61*283*1361,5,1,right,2
6751064881,11*37*113*181*811,5,1,right,2
6777759241,11*41*73*127*1621,5,1,right,2
6805088641,13*29*97*379*491,5,1,right,2
6808693681,17*19*47*241*1861,5,1,right,2
6811131601,41*53*71*131*337,5,1,right,4
6816585601,7*23*151*199*1409,5,1,right,2
6820479601,13*31*41*61*67*101,6,1,right,2
6831139393,13*17*37*113*7393,5,1,right,2
6866083081,11*13*31*37*41*1021,6,1,right,2
6879465481,7*41*103*409*569,5,1,right,2
6888643441,29*61*409*9521,4,1,right,2
6899889145,5*103*1129*11867,4,1,right,2
6906962161,11*29*31*37*43*439,6,1,right,2
6908453881,7*31*1381*23053,4,1,right,0
6909805981,13*19*23*37*71*463,6,1,right,2
6916775113,293*3943*5987,3,1,right,2
6974163001,13*61*2251*3907,4,1,right,0
6987552481,7*13*73*811*1297,5,1,right,0
6992318521,67*199*397*1321,4,1,right,0
7020294841,7*313*613*5227,4,1,right,0
7036064101,11*101*151*41941,4,1,right,2
7036472521,13*19*37*41*89*211,6,1,right,2
7044493729,7*13*103*139*5407,5,1,right,0
7045248121,821*1231*6971,3,1,right,2
7069087201,11*31*41*421*1201,5,1,right,2
7077948241,7*13*31*691*3631,5,1,right,0
7079516101,7*37*61*109*4111,5,1,right,0
7082548705,5*43*239*337*409,5,1,right,2
7103660473,7*13*19*109*37693,5,1,right,0
7115167081,11*29*37*211*2857,5,1,right,2
7120522081,127*181*307*1009,4,1,right,0
7121196811,131*911*59671,3,1,right,2
7126205101,173*1291*31907,3,1,right,2
7137456481,29*281*379*2311,4,1,right,2
7144929001,7*23*41*601*1801,5,1,right,2
7147241641,37*421*463*991,4,1,right,0
7161499801,29*43*73*151*521,5,1,right,2
7165026181,271*541*48871,3,1,right,0
7192589041,11*17*41*71*73*181,6,1,right,4
7200256261,11*31*431*48991,4,1,right,2
7211236033,199*4159*8713,3,1,right,0
7226667721,7*13*181*541*811,5,1,right,0
7261390081,11*17*73*211*2521,5,1,right,2
7266392281,19*31*43*379*757,5,1,right,0
7277040001,7*11*101*433*2161,5,1,right,2
7279379941,211*3571*9661,3,1,right,0
7281824001,3*251*2417*4001,4,3,div3,3
7303030561,17*31*59*349*673,5,1,right,2
7321740301,31*37*211*30253,4,1,right,0
7324451569,19*43*73*127*967,5,1,right,0
7349616121,23*31*67*137*1123,5,1,right,2
7361854501,157*1093*42901,3,1,right,0
7366943881,11*31*103*137*1531,5,1,right,2
7368233041,13*17*19*41*127*337,6,1,right,2
7397902401,3*491*1601*3137,4,3,div3,3
7408114561,41*61*641*4621,4,1,right,2
7426504801,31*151*1201*1321,4,1,right,0
7483290949,379*757*26083,3,1,right,0
7538918401,7*19*109*433*1201,5,1,right,0
7547208481,19*71*97*137*421,5,1,right,2
7558388641,331*947*24113,3,1,right,2
7568724241,13*17*23*211*7057,5,1,right,2
7629221377,409*2857*6529,3,1,right,0
7637670601,11*31*101*211*1051,5,1,right,2
7637908081,41*139*331*4049,4,1,right,2
7647957241,331*1321*17491,3,1,right,0
7685290369,43*379*409*1153,4,1,right,0
7685860051,331*991*23431,3,1,right,0
7687547869,43*53*149*22639,4,1,right,2
7709907745,5*17*37*97*127*199,6,1,right,2
7728140161,7*19*37*79*103*193,6,1,right,0
7743582001,29*149*181*9901,4,1,right,2
7762160341,13*541*619*1783,4,1,right,0
7762532401,13*17*31*37*113*271,6,1,right,2
7769414017,73*313*337*1009,4,1,right,0
7773873751,7*31*163*271*811,5,1,right,0
7786695841,491*1471*10781,3,1,right,2
7795166401,11*37*127*239*631,5,1,right,2
7795320001,7*457*1249*1951,4,1,right,0
7816642561,7*13*5581*15391,4,1,right,0
7849708945,5*13*17*67*229*463,6,1,right,2
7906474801,17*43*61*281*631,5,1,right,2
7926336001,19*241*769*2251,4,1,right,0
7947505441,103*127*241*2521,4,1,right,0
7991602081,67*2311*51613,3,1,right,0
8030988001,19*61*109*151*421,5,1,right,0
8039934721,7*13*19*37*109*1153,6,1,right,0
8044161481,311*3659*7069,3,1,right,2
8047904257,577*1153*12097,3,1,right,0
8053562881,7*13*17*31*61*2753,6,1,right,2
8083163341,11*71*181*211*271,5,1,right,2
8125283881,11*13*229*281*883,5,1,right,2
8152623721,11*19*41*73*13033,5,1,right,2
8198789761,139*181*337*967,4,1,right,0
8205857731,19*71*127*211*227,5,1,right,2
8214723001,271*1801*16831,3,1,right,0
8221139641,11*13*41*61*127*181,6,1,right,2
8230420801,127*2143*30241,3,1,right,0
8246738305,5*13*113*433*2593,5,1,right,2
8251854001,1301*1951*3251,3,1,right,2
8265839401,19*109*181*22051,4,1,right,0
8270944801,7*31*41*557*1669,5,1,right,2
8281773721,13*31*41*67*7481,5,1,right,2
8290225801,11*13*47*61*73*277,6,1,right,2
8323444801,7*151*193*40801,4,1,right,0
8346731851,823*2467*4111,3,1,right,0
8355729313,17*19*29*337*2647,5,1,right,2
8378631361,31*181*691*2161,4,1,right,0
8379420001,31*61*211*21001,4,1,right,0
8388084601,13*757*811*1051,4,1,right,0
8424058861,19*421*631*1669,4,1,right,0
8444512561,17*31*41*283*1381,5,1,right,2
8454810001,11*53*71*157*1301,5,1,right,4
8460129601,7*11*19*431*13417,5,1,right,2
8494657921,19*73*97*103*613,5,1,right,0
8548543585,5*17*29*673*5153,5,1,right,4
8562771361,17*23*31*37*61*313,6,1,right,2
8612234401,281*1321*23201,3,1,right,2
8614542601,7*19*31*101*137*151,6,1,right,2
8652633601,1249*2081*3329,3,1,right,2
8657319259,307*2143*13159,3,1,right,0
8658434881,19*31*73*349*577,5,1,right,0
8659314841,41*61*1321*2621,4,1,right,2
8662230721,23*271*457*3041,4,1,right,2
8667097957,7*67*397*46549,4,1,right,0
8714965001,389*3299*6791,3,5,left,3
8718449257,7*109*2137*5347,4,1,right,0
8723021581,19*43*131*149*547,5,1,right,2
8728602121,43*281*461*1567,4,1,right,2
8752652161,11*41*61*71*4481,5,1,right,4
8767185505,5*13*43*67*46817,5,1,right,2
8776563481,7*31*73*181*3061,5,1,right,0
8801128801,181*733*66337,3,1,right,0
8815102297,43*67*659*4643,4,1,right,2
8820519361,137*5441*11833,3,1,right,2
8863329511,211*631*66571,3,1,right,0
8865909361,277*3313*9661,3,1,right,0
8885251441,11*47*1109*15497,4,1,right,4
8904870001,31*173*521*3187,4,1,right,2
8911829161,107*3181*26183,3,1,right,2
8939091313,163*1297*42283,3,1,right,0
8956911601,11*17*127*131*2879,5,1,right,4
8976678481,1009*2521*3529,3,1,right,0
8981129665,5*17*19*109*163*313,6,1,right,2
8986544785,5*109*113*337*433,5,1,right,2
8992643401,7*31*53*601*1301,5,1,right,2
9000994081,41*53*1021*4057,4,1,right,2
9001235881,11*43*827*23011,4,1,right,2
9009830401,11*13*41*151*10177,5,1,right,2
9030158341,967*1933*4831,3,1,right,0
9048104209,19*37*73*157*1123,5,1,right,0
9086767201,1201*1801*4201,3,1,right,0
9116583841,157*2017*28789,3,1,right,0
9123044281,13*31*2011*11257,4,1,right,0
9132165505,5*127*1459*9857,4,1,right,2
9139810681,859*2861*3719,3,1,right,2
9146572381,47*139*461*3037,4,1,right,2
9148908601,7*53*1481*16651,4,1,right,2
9161404201,151*157*601*643,4,1,right,0
9164559313,7*13*19*619*8563,5,1,right,0
9166911601,71*101*881*1451,4,1,right,4
9167487781,499*997*18427,3,1,right,0
9172425601,157*4993*11701,3,1,right,0
9216037441,13*37*41*47*61*163,6,1,right,2
9227690641,13*29*211*311*373,5,1,right,2
9237473281,223*1777*23311,3,1,right,0
9240972001,31*41*131*55501,4,1,right,2
9244089361,13*19*31*37*67*487,6,1,right,0
9261585313,337*2473*11113,3,1,right,0
9283222801,311*1117*26723,3,1,right,2
9286885441,29*41*1009*7741,4,1,right,2
9293756581,853*2557*4261,3,1,right,0
9294465601,31*37*97*139*601,5,1,right,0
9334619281,13*31*41*71*73*109,6,1,right,2
9366534145,5*23*193*397*1063,5,1,right,2
9371873281,241*257*337*449,4,1,right,2
9385501441,31*191*281*5641,4,1,right,2
9410913721,11*41*163*313*409,5,1,right,2
9423125713,89*157*617*1093,4,1,right,2
9432567937,13*193*229*16417,4,1,right,0
9434224801,23*241*1021*1667,4,1,right,2
9435428821,7*13*61*181*9391,5,1,right,0
9439491061,7*11*13*19*149*3331,6,1,right,2
9456330241,31*37*41*211*953,5,1,right,2
9461551681,37*73*1621*2161,4,1,right,0
9462932431,211*4019*11159,3,1,right,2
9555890761,19*131*521*7369,4,1,right,2
9558334369,67*109*199*6577,4,1,right,0
9584174881,17*29*61*421*757,5,1,right,2
9593125081,331*2311*12541,3,1,right,0
9595140409,103*239*409*953,4,1,right,2
9624742921,1171*2341*3511,3,1,right,0
9653421961,53*73*521*4789,4,1,right,2
9701285761,433*3457*6481,3,1,right,0
9722094481,11*31*241*281*421,5,1,right,2
9727247881,13*43*127*181*757,5,1,right,0
9739972945,5*17*19*2089*2887,5,1,right,2
9741249001,11*491*601*3001,4,1,right,2
9746188921,7*31*53*233*3637,5,1,right,2
9764848897,257*769*49409,3,1,right,2
9787282921,13*61*2221*5557,4,1,right,0
9789244921,547*2731*6553,3,1,right,0
9793709857,29*37*73*97*1289,5,1,right,2
9799224865,5*23*157*409*1327,5,1,right,2
9799928965,5*19*29*37*127*757,6,1,right,2
9811694593,673*1009*14449,3,1,right,0
9825933601,11*37*71*337*1009,5,1,right,2
9836283601,31*67*79*151*397,5,1,right,0
9838127971,7*19*199*331*1123,5,1,right,0
9877659121,11*691*941*1381,4,1,right,2
9891283585,5*277*313*22817,4,1,right,2
9907185601,37*47*131*157*277,5,1,right,2
9938059237,619*1237*12979,3,1,right,0
9948941101,11*19*71*109*6151,5,1,right,2
9956762641,7*19*37*661*3061,5,1,right,0
9973625581,163*1621*37747,3,1,right,0
9983803921,7*13*31*941*3761,5,1,right,2
9999109081,13*19*61*73*9091,5,1,right,0
